40,40,1,GSP3-405-C0.4S,0.4,0.1,9.2,0.2,4.5,,,,,,,,,,,50,GSP
40,40,2,GSP3-405-C0.4T,0.4,0.1,9.2,0.2,4.5,,,,,,,,,,,50,GSP
40,40,3,GSP4-405CE0.75,0.75,0.1,13.2,0.32,7,,,,,,,,,,,50,GSP
50,40,4,GSP4-505CE0.75,0.75,0.1,13.2,0.32,7,,,,,,,,,,,50,GSP
50,40,5,GSP4-505CE1.5,1.5,0.16,17.8,0.4,10,,,,,,,,,,,50,GSP
80,65,6,GSP4-805CE2.2,2.2,0.25,16.5,0.8,7.8,,,,,,,,,,,50,GSP
80,65,7,GSP4-805CE3.7,3.7,0.25,24,0.8,13.5,,,,,,,,,,,50,GSP
40,40,1,GSP3-406-C0.4S,0.4,0.11,9.5,0.22,4.2,,,,,,,,,,,60,GSP
40,40,2,GSP3-406-C0.4T,0.4,0.11,9.5,0.22,4.2,,,,,,,,,,,60,GSP
40,40,3,GSP4-406CE0.75,0.75,0.11,12.8,0.36,6.2,,,,,,,,,,,60,GSP
50,40,4,GSP4-506CE0.75,0.75,0.11,12.8,0.36,6.2,,,,,,,,,,,60,GSP
50,40,5,GSP4-506CE1.5,1.5,0.18,17.2,0.36,12,,,,,,,,,,,60,GSP
50,40,6,GSP4-506CE2.2,2.2,0.18,25,0.38,19.5,,,,,,,,,,,60,GSP
80,65,7,GSP4-806CE2.2,2.2,0.28,17.2,0.9,6,,,,,,,,,,,60,GSP
80,65,8,GSP4-806CE3.7,3.7,0.28,24.2,0.9,12.2,,,,,,,,,,,60,GSP
80,65,9,GSP4-806CE5.5,5.5,0.28,35,0.9,21.5,,,,,,,,,,,60,GSP
,40,1,WUO3-405-0.15S,0.15,0.02,5.2,0.125,2.5,,,,,,,,,,,50,WUO
,40,2,WUO3-405-0.25S,0.25,0.02,7.2,0.14,4.5,,,,,,,,,,,50,WUO
,40,3,WUO3-405-0.25T,0.25,0.02,7.2,0.14,4.5,,,,,,,,,,,50,WUO
,50,4,WUO3-505-0.4SG,0.4,0.05,9.2,0.2,4.5,,,,,,,,,,,50,WUO
,50,5,WUO3-505-0.4TG,0.4,0.05,9.2,0.2,4.5,,,,,,,,,,,50,WUO
,50,6,WUO3-505-0.75G,0.75,0.05,13.2,0.25,7.5,,,,,,,,,,,50,WUO
,50,7,WUO-505-1.5,1.5,0.16,16,0.5,6.8,,,,,,,,,,,50,WUO
,65,8,WUO-655-1.5,1.5,0.16,16,0.5,6.8,,,,,,,,,,,50,WUO
,65,9,WUO-655-2.2,2.2,0.25,17,0.7,4.8,,,,,,,,,,,50,WUO
,65,10,WUO-655-3.7,3.7,0.25,23.5,0.8,11.2,,,,,,,,,,,50,WUO
,80,11,WUO-805-2.2,2.2,0.25,17,0.7,4.8,,,,,,,,,,,50,WUO
,80,12,WUO-805-3.7,3.7,0.25,23.5,0.8,11.2,,,,,,,,,,,50,WUO
,40,1,WUO3-405-0.15SLG/LNG,0.15,0.02,5.2,0.125,2.5,,,,,,,,,,,50,WUO
,40,2,WUO3-405-0.25SLG/LNG,0.25,0.02,7.2,0.14,4.5,,,,,,,,,,,50,WUO
,40,3,WUO3-405-0.25TLG/LNG,0.25,0.02,7.2,0.14,4.5,,,,,,,,,,,50,WUO
,50,4,WUO3-505-0.4SLG/LNG,0.4,0.05,9.2,0.2,4.5,,,,,,,,,,,50,WUO
,50,5,WUO3-505-0.4TLG/LNG,0.4,0.05,9.2,0.2,4.5,,,,,,,,,,,50,WUO
,50,6,WUO3-505-0.75LG/LNG,0.75,0.05,13.2,0.25,7.5,,,,,,,,,,,50,WUO
,50,7,WUO-505-1.5LG/LNG,1.5,0.16,16,0.5,6.8,,,,,,,,,,,50,WUO
,65,8,WUO-655-1.5LG/LNG,1.5,0.16,16,0.5,6.8,,,,,,,,,,,50,WUO
,65,9,WUO-655-2.2LG/LNG,2.2,0.25,17,0.7,4.8,,,,,,,,,,,50,WUO
,65,10,WUO-655-3.7LG/LNG,3.7,0.25,23.5,0.8,11.2,,,,,,,,,,,50,WUO
,80,11,WUO-805-2.2LG/LNG,2.2,0.25,17,0.7,4.8,,,,,,,,,,,50,WUO
,80,12,WUO-805-3.7LG/LNG,3.7,0.25,23.5,0.8,11.2,,,,,,,,,,,50,WUO
,40,1,WUO3-406-0.15S,0.15,0.02,5.2,0.125,2.5,,,,,,,,,,,60,WUO
,40,2,WUO3-406-0.25S,0.25,0.02,7.5,0.14,4,,,,,,,,,,,60,WUO
,40,3,WUO3-406-0.25T,0.25,0.02,7.5,0.14,4,,,,,,,,,,,60,WUO
,50,4,WUO3-506-0.4SG,0.4,0.05,10,0.2,5.2,,,,,,,,,,,60,WUO
,50,5,WUO3-506-0.4T G,0.4,0.05,10,0.2,5.2,,,,,,,,,,,60,WUO
,50,6,WUO3-506-0.75G,0.75,0.05,14.2,0.25,6.8,,,,,,,,,,,60,WUO
,50,7,WUO-506-1.5,1.5,0.18,16.8,0.5,6,,,,,,,,,,,60,WUO
,65,8,WUO-656-1.5,1.5,0.18,16.8,0.5,6,,,,,,,,,,,60,WUO
,65,9,WUO-656-2.2,2.2,0.28,17.5,0.7,3.8,,,,,,,,,,,60,WUO
,65,10,WUO-656-3.7,3.7,0.28,25,0.9,4.5,,,,,,,,,,,60,WUO
,80,11,WUO-806-2.2,2.2,0.28,17.5,0.7,3.8,,,,,,,,,,,60,WUO
,80,12,WUO-806-3.7,3.7,0.28,25,0.9,4.5,,,,,,,,,,,60,WUO
,40,1,WUO3-406-0.15SLG/LNG,0.15,0.02,5.2,0.125,2.5,,,,,,,,,,,60,WUO
,40,2,WUO3-406.0.25SLG/LNG,0.25,0.02,7.5,0.14,4,,,,,,,,,,,60,WUO
,40,3,WUO3-406-0.25TLG/LNG,0.25,0.02,7.5,0.14,4,,,,,,,,,,,60,WUO
,50,4,WUO3-506-0.4SLG/LNG,0.4,0.05,10,0.2,5.2,,,,,,,,,,,60,WUO
,50,5,WUO3-506-0.4TLG/LNG,0.4,0.05,10,0.2,5.2,,,,,,,,,,,60,WUO
,50,6,WUO3-506-0.75LG/LNG,0.75,0.05,14.2,0.25,6.8,,,,,,,,,,,60,WUO
,50,7,WUO-506-1.5LG/LNG,1.5,0.18,16.8,0.5,6,,,,,,,,,,,60,WUO
,65,8,"WUO-656-1,5LG/LNG",1.5,0.18,16.8,0.5,6,,,,,,,,,,,60,WUO
,65,9,WUO-656-2.2LG/LNG,2.2,0.28,17.5,0.7,3.8,,,,,,,,,,,60,WUO
,65,10,WUO-656-3.7LG/LNG,3.7,0.28,25,0.9,4.5,,,,,,,,,,,60,WUO
,80,11,WUO-806-2.2LG/LNG,2.2,0.28,17.5,0.7,3.8,,,,,,,,,,,60,WUO
,80,12,WUO-806-3.7LG/LNG,3.7,0.28,25,0.9,4.5,,,,,,,,,,,60,WUO
40,40,1,TVS405X2ME1.5,1.5,0.1,19.5,0.14,18,0.2,14.5,2,,,,,,,,50,TVS
40,40,2,TVS405X3ME1.5,1.5,0.1,28,0.14,26,0.2,20,3,,,,,,,,50,TVS
40,40,3,TVS405X4ME2.2,2.2,0.1,39,0.14,36,0.2,28.5,4,,,,,,,,50,TVS
50,50,4,TVS505X2ME1.5,1.5,0.16,21,0.22,19,0.32,13.5,2,,,,,,,,50,TVS
50,50,5,TVS505X3ME2.2,2.2,0.16,32,0.22,29,0.32,20,3,,,,,,,,50,TVS
50,50,6,TVS505X4ME3.7,3.7,0.16,43,0.22,40,0.32,29,4,,,,,,,,50,TVS
65,65,7,TVS655X2ME2.2,2.2,0.25,23,0.36,19.2,0.5,11.5,2,,,,,,,,50,TVS
65,65,8,TVS655X2ME3.7,3.7,0.25,29,0.36,25.5,0.5,19.5,2,,,,,,,,50,TVS
65,65,9,TVS655X3ME3.7,3.7,0.25,38.5,0.36,33,0.5,22,3,,,,,,,,50,TVS
65,65,10,TVS655X3ME5.5,5.5,0.25,44,0.36,38.5,0.5,29,3,,,,,,,,50,TVS
65,65,11,TVS655X4ME5.5,5.5,0.25,55,0.36,48.5,0.5,35.5,4,,,,,,,,50,TVS
80,80,12,TVS805X2ME5.5,5.5,0.4,33,0.56,30,0.8,24,2,,,,,,,,50,TVS
80,80,13,TVS805X3ME5.5,5.5,0.4,38.5,0.56,33.5,0.8,21,3,,,,,,,,50,TVS
80,80,14,TVS805X3ME7.5,7.5,0.4,50,0.56,46,0.8,36.5,3,,,,,,,,50,TVS
80,80,15,TVS805X4ME7.5,7.5,0.4,54,0.56,47,0.8,30,4,,,,,,,,50,TVS
80,80,16,TVS805X4ME11,11,0.4,67,0.56,60.5,0.8,47,4,,,,,,,,50,TVS
100,100,17,TVS1005X2ME7.5,7.5,0.63,34.5,0.9,29,1.25,19.5,2,,,,,,,,50,TVS
100,100,18,TVS1005X3ME11,11,0.63,52,0.9,45,1.25,31,3,,,,,,,,50,TVS
100,100,19,TVS1005X4ME15,15,0.63,70,0.9,60.5,1.25,42,4,,,,,,,,50,TVS
125,125,20,TVS1255X2ME15,15,1,43,1.4,37.5,2,23.5,2,,,,,,,,50,TVS
125,125,21,TVS1255X2ME18,18.5,1,48,1.4,42.5,2,29.5,2,,,,,,,,50,TVS
125,125,22,TVS1255X3ME22,22,1,62,1.4,52.5,2,29.5,3,,,,,,,,50,TVS
125,125,23,TVS1255X3ME30,30,1,72,1.4,63,2,43,3,,,,,,,,50,TVS
125,125,24,TVS1255X4ME37,37,1,95,1.4,86,2,57,4,,,,,,,,50,TVS
150,150,25,TVS1505X2ME30,30,1.6,54,2.24,47,3.15,33,2,,,,,,,,50,TVS
150,150,26,TVS1505X2ME37,37,1.6,57,2.24,49,3.15,35,2,,,,,,,,50,TVS
150,150,27,TVS1505X3ME45,45,1.6,80,2.24,67,3.15,45,3,,,,,,,,50,TVS
150,150,28,TVS1505X3ME55,55,1.6,88,2.24,78,3.15,59,3,,,,,,,,50,TVS
40,40,1,TVS406X2ME1.5,1.5,0.11,27.5,0.16,25,0.22,21,2,,,,,,,,60,TVS
40,40,2,TVS406X3ME2.2,2.2,0.11,42,0.16,38.5,0.22,32,3,,,,,,,,60,TVS
50,50,3,TVS506X2ME2.2,2.2,0.18,29.5,0.25,27,0.36,19,2,,,,,,,,60,TVS
50,50,4,TVS506X3ME37,3.7,0.18,47,0.25,43,0.36,33,3,,,,,,,,60,TVS
65,65,5,TVS656X2ME37,3.7,0.28,33,0.4,28,0.56,18.5,2,,,,,,,,60,TVS
65,65,6,TVS656X2ME5.5,5.5,0.28,42.5,0.4,38.5,0.56,31,2,,,,,,,,60,TVS
65,65,7,TVS656X3ME5.5,5.5,0.28,50.5,0.4,43,0.56,29,3,,,,,,,,60,TVS
65,65,8,TVS656X3ME7.5,7.5,0.28,64,0.4,57,0.56,45,3,,,,,,,,60,TVS
80,80,9,TVS806X2ME7.5,7.5,0.45,43,0.63,39.5,0.9,30,2,,,,,,,,60,TVS
80,80,10,TVS806X3ME11,11,0.45,66,0.63,59,0.9,45,3,,,,,,,,60,TVS
100,100,11,TVS1006X2ME15,15,0.71,57.5,1,51.5,1.4,40,2,,,,,,,,60,TVS
100,100,12,TVS1006X3ME18,18.5,0.71,74.5,1,65,1.4,46,3,,,,,,,,60,TVS
100,100,13,TVS1006X3ME22,22,0.71,83.5,1,75,1.4,58,3,,,,,,,,60,TVS
125,125,14,TVS1256X2ME22,22,1.12,56,1.6,48,2.24,28,2,,,,,,,,60,TVS
125,125,15,TVS1256X2ME30,30,1.12,69,1.6,62,2.24,47.5,2,,,,,,,,60,TVS
125,125,16,TVS1256X3ME37,37,1.12,90,1.6,78,2.24,53,3,,,,,,,,60,TVS
125,125,17,TVS1256X3ME45,45,1.12,102,1.6,92,2.24,66,3,,,,,,,,60,TVS
150,150,18,TVS1506X2ME45,45,1.8,68,2.5,58,3.55,37,2,,,,,,,,60,TVS
150,150,19,TVS1506X2ME55,55,1.8,78,2.5,68,3.55,48,2,,,,,,,,60,TVS
150,150,20,TVS1506X3ME75,75,1.8,108,2.5,98,3.55,70,3,,,,,,,,60,TVS
40,32,1,KFE32A1.1S2,1.1,0.06,53,,,,,,1,0.43,30~53,0.22,51~52,?,,50/60,KFE
40,32,2,KFE32A1.1,1.1,0.06,53,,,,,,1,0.43,30~53,0.22,51~52,87.5,,50/60,KFE
40,32,3,KFE32A1.9,1.9,0.07,67,,,,,,1,0.55,44~67,0.32,53~54,85.5,,50/60,KFE
40,40,4,KFE40A1.1,1.1,0.145,29,,,,,,1,0.22,14~29,0.09,50~52,87.5,,50/60,KFE
40,40,5,KFE40A1.5,1.5,0.14,35,,,,,,1,0.26,20~35,0.14,52~53,89.6,,50/60,KFE
40,40,6,KFE40A2.2,2.2,0.14,51,,,,,,1,0.41,30~51,0.22,53~54,89.2,,50/60,KFE
40,40,7,KFE40A3.7,3.7,0.16,71,,,,,,1,0.59,44~71,0.32,55~57,88.7,,50/60,KFE
40,40,8,KFE40A5.5,5.5,0.19,84,,,,,,1,0.71,60~84,0.45,59~61,87.9,,50/60,KFE
40,40,9,KFE40A7.5,7.5,0.15,110,,,,,,1,0.93,80~110,0.61,61~63,90.4,,50/60,KFE
40,50,10,KFE50A2.2,2.2,0.225,36,,,,,,1,0.27,20~36,0.14,53~54,89.2,,50/60,KFE
40,50,11,KFE50A3.7,3.7,0.265,54,,,,,,1,0.44,30~54,0.22,54~56,88.7,,50/60,KFE
40,50,12,KFE50A5.5,5.5,0.24,71,,,,,,1,0.59,44~71,0.32,59~61,87.9,,50/60,KFE
40,50,13,KFE50A7.5,7.5,0.28,84,,,,,,1,0.71,56~84,0.42,59~63,90.4,,50/60,KFE
50,65,14,KFE65A3.7,3.7,0.38,37,,,,,,1,0.28,20~37,0.14,55~56,88.7,,50/60,KFE
50,65,15,KFE65A5.5,5.5,0.35,55,,,,,,1,0.45,30~55,0.22,60~61,87.9,,50/60,KFE
50,65,16,KFE65A7.5,7.5,0.38,66,,,,,,1,0.54,44~66,0.33,60~61,90.4,,50/60,KFE
40,32,17,KFE32P1.1S2,1.1X2,0.12,53,,,,,,2,0.43,30~53,0.22,51~54,?,,50/60,KFE
40,32,18,KFE32P1.1,1.1X2,0.12,53,,,,,,2,0.43,30~53,0.22,51~54,91.5,,50/60,KFE
40,32,19,KFE32P1.9,1.9X2,0.14,67,,,,,,2,0.55,44~67,0.32,53~58,89.9,,50/60,KFE
50,40,20,KFE40P1.1,1.1X2,0.29,29,,,,,,2,0.22,14~29,0.09,50~56,91.5,,50/60,KFE
50,40,21,KFE40P1.5,1.5X2,0.28,35,,,,,,2,0.26,20~35,0.14,52~57,92.5,,50/60,KFE
50,40,22,KFE40P2.2,2.2X2,0.28,51,,,,,,2,0.41,30~51,0.22,53~57,91.6,,50/60,KFE
50,40,23,KFE40P3.7,3.7X2,0.32,71,,,,,,2,0.59,44~71,0.32,55~60,90.3,,50/60,KFE
50,40,24,KFE40P5.5,5.5X2,0.38,84,,,,,,2,0.71,60~84,0.45,59~64,91.4,,50/60,KFE
50,40,25,KFE40P7.5,7.5X2,0.3,110,,,,,,2,0.93,80~110,0.61,61~66,92.7,,50/60,KFE
65,50,26,KFE50P2.2,2.2X2,0.45,36,,,,,,2,0.27,20~36,0.14,53~57,91.6,,50/60,KFE
65,50,27,KFE50P3.7,3.7X2,0.53,54,,,,,,2,0.44,30~54,0.22,54~58,90.3,,50/60,KFE
65,50,28,KFE50P5.5,5.5X2,0.48,71,,,,,,2,0.59,44~71,0.32,59~64,91.4,,50/60,KFE
65,50,29,KFE50P7.5,7.5X2,0.56,84,,,,,,2,0.71,56~84,0.42,59~66,92.7,,50/60,KFE
80,65,30,KFE65P3.7,3.7X2,0.76,37,,,,,,2,0.28,20~37,0.14,55~60,90.3,,50/60,KFE
80,65,31,KFE65P5.5,5.5X2,0.7,55,,,,,,2,0.45,30~55,0.22,60~64,91.4,,50/60,KFE
80,65,32,KFE65P7.5,7.5X2,0.76,66,,,,,,2,0.54,44~66,0.33,60~65,92.7,,50/60,KFE
50,32,1,KFE32T1.1,1.1X2,0.12,53,,,,,,2,0.43,30~53,0.22,53~55,91.5,,50/60,KFE
50,32,2,KFE32T1.9,1.9X2,0.14,67,,,,,,2,0.55,44~67,0.32,51~56,89.9,,50/60,KFE
80,40,3,KFE40T1.5,1.5X2,0.28,35,,,,,,2,0.26,20~35,0.14,50~55,92.5,,50/60,KFE
80,40,4,KFE40T2.2,2.2X2,0.28,51,,,,,,2,0.41,30~51,0.22,52~58,91.6,,50/60,KFE
80,40,5,KFE40T3.7,3.7X2,0.32,71,,,,,,2,0.59,44~71,0.32,56~60,90.3,,50/60,KFE
80,40,6,KFE40T5.5,5.5X2,0.38,84,,,,,,2,0.71,60~84,0.45,56~63,91.4,,50/60,KFE
80,40,7,KFE40T7.5,7.5X2,0.3,110,,,,,,2,0.93,80~110,0.61,60~65,92.7,,50/60,KFE
80,50,8,KFE50T2.2,2.2X2,0.45,36,,,,,,2,0.27,20~36,0.14,53~59,91.6,,50/60,KFE
80,50,9,KFE50T3.7,3.7X2,0.53,54,,,,,,2,0.44,30~54,0.22,57~60,90.3,,50/60,KFE
80,50,10,KFE50T5.5,5.5X2,0.48,71,,,,,,2,0.59,44~71,0.32,59~65,91.4,,50/60,KFE
80,50,11,KFE50T7.5,7.5X2,0.56,84,,,,,,2,0.71,56~84,0.42,57~63,92.7,,50/60,KFE
100,65,12,KFE65T3.7,3.7X2,0.76,37,,,,,,2,0.28,20~37,0.14,54~59,90.3,,50/60,KFE
100,65,13,KFE65T5.5,5.5X2,0.7,55,,,,,,2,0.45,30~55,0.22,58~64,91.4,,50/60,KFE
100,65,14,KFE65T7.5,7.5X2,0.76,66,,,,,,2,0.54,44~44,0.33,61~65,92.7,,50/60,KFE
50,32,15,KFE32T1.1,1.1 X3,0.18,53,,,,,,3,0.43,30~53,0.22,53~56,92.8,,50/60,KFE
50,32,16,KFE32T1.9,1.9X3,0.21,67,,,,,,3,0.55,44~67,0.32,51~58,91,,50/60,KFE
80,40,17,KFE40T1.5,1.5X3,0.42,35,,,,,,3,0.26,20~35,0.14,50~57,93.2,,50/60,KFE
80,40,18,KFE40T2.2,2.2X3,0.42,51,,,,,,3,0.41,30~51,0.22,52~61,89.1,,50/60,KFE
80,40,19,KFE40T3.7,3.7X3,0.48,71,,,,,,3,0.59,44~71,0.32,56~61,91.7,,50/60,KFE
80,40,20,KFE40T5.5,5.5X3,0.57,84,,,,,,3,0.71,60~84,0.45,56~64,92.5,,50/60,KFE
80,40,21,KFE40T7.5,7.5X3,0.45,110,,,,,,3,0.93,80~110,0.61,60~67,93.3,,50/60,KFE
80,50,22,KFE50T2.2,2.2X3,0.63,36,,,,,,3,0.27,20~36,0.14,53~61,89.1,,50/60,KFE
80,50,23,KFE50T3.7,3.7X3,0.75,54,,,,,,3,0.44,30~54,0.22,57~63,91.7,,50/60,KFE
80,50,24,KFE50T5.5,5.5X3,0.72,71,,,,,,3,0.59,44~71,0.32,59~67,92.5,,50/60,KFE
80,50,25,KFE50T7.5,7.5X3,0.84,84,,,,,,3,0.71,56~84,0.42,57~65,93.3,,50/60,KFE
100,65,26,KFE65T3.7,3.7X3,1.14,37,,,,,,3,0.28,20~37,0.14,54~61,91.7,,50/60,KFE
100,65,27,KFE65T5.5,5.5X3,1.05,55,,,,,,3,0.45,30~55,0.22,58~66,92.5,,50/60,KFE
100,65,28,KFE65T7.5,7.5X3,1.14,66,,,,,,3,0.54,44~66,0.33,61 ~68,93.3,,50/60,KFE
40,32,1,GEH-40X325M-2MN0.4,0.4,0.05,13,0.12,11.2,0.2,7.5,,,,,,,,0.84,50,GE-2M
40,32,2,GEI405M2ME0.75,0.75,0.05,19.8,0.12,18,0.2,14.5,,,,,,,,0.77,50,GE-2M
40,32,3,GEJ405M2ME1.5,1.5,0.05,30.5,0.12,27.5,0.2,22,,,,,,,,0.67,50,GE-2M
40,32,4,GEJ405M2ME2.2,2.2,0.05,40,0.12,37,0.2,31.5,,,,,,,,0.58,50,GE-2M
50,40,5,GEH-50X405M-2MN0.4,0.4,0.1,10.5,0.2,8.2,0.32,3.5,,,,,,,,0.86,50,GE-2M
50,40,6,GEH505M2ME0.75,0.75,0.1,15.8,0.2,14.2,0.32,10.5,,,,,,,,0.81,50,GE-2M
50,40,7,GEI505M2ME1.5,1.5,0.1,22.5,0.2,20.8,0.32,17,,,,,,,,0.74,50,GE-2M
50,40,8,GEJ505M2ME2.2,2.2,0.1,31,0.2,29,0.32,24.5,,,,,,,,0.67,50,GE-2M
50,40,9,GEJ505M2ME3.7,3.7,0.1,35.5,0.2,33.5,0.32,29.8,,,,,,,,0.63,50,GE-2M
50,40,10,GEK505M2ME3.7,3.7,0.1,44.5,0.2,41.5,0.32,35.5,,,,,,,,0.52,50,GE-2M
50,40,11,GEK505M2ME5.5,5.5,0.1,56.5,0.2,52.5,0.32,47,,,,,,,,0.39,50,GE-2M
65,50,12,GEH655M2ME0.75,0.75,0.2,10,0.4,8.2,0.63,4.2,,,,,,,,0.87,50,GE-2M
65,50,13,GEH655M2ME1.5,1.5,0.2,15.8,0.4,14,0.63,10.5,,,,,,,,0.81,50,GE-2M
65,50,14,GEI655M2ME2.2,2.2,0.2,22.8,0.4,20.2,0.63,15.2,,,,,,,,0.74,50,GE-2M
65,50,15,GEJ655M2ME3.7,3.7,0.2,32.5,0.4,28.5,0.63,21,,,,,,,,0.65,50,GE-2M
65,50,16,GEK655M2ME5.5,5.5,0.2,45,0.4,41,0.63,34,,,,,,,,0.52,50,GE-2M
65,50,17,GEK655M2ME7.5,7.5,0.2,54.5,0.4,50.5,0.63,43.5,,,,,,,,0.42,50,GE-2M
65,50,18,GEL655M2ME11,11,0.2,75,0.4,69,0.63,59.4,,,,,,,,0.22,50,GE-2M
65,50,19,GEL655M2ME15,15,0.2,90,0.4,84,0.63,74,,,,,,,,0.059,50,GE-2M
80,65,20,GEH805M2ME2.2,2.2,0.4,15.2,0.8,12.2,1.25,6.5,,,,,,,,0.81,50,GE-2M
80,65,21,GEI805M2ME3.7,3.7,0.4,22.5,0.8,19,1.25,12,,,,,,,,0.74,50,GE-2M
80,65,22,GEJ805M2ME5.5,5.5,0.4,30.5,0.8,26.5,1.25,20,,,,,,,,0.66,50,GE-2M
80,65,23,GEJ805M2ME7.5,7.5,0.4,38.5,0.8,34,1.25,27.5,,,,,,,,0.58,50,GE-2M
80,65,24,GEK805M2ME11,11,0.4,52,0.8,47,1.25,38.5,,,,,,,,0.45,50,GE-2M
80,65,25,GEK805M2ME15,15,0.4,63.5,0.8,58.5,1.25,49.5,,,,,,,,0.33,50,GE-2M
80,65,26,GEL805M2ME18,18.5,0.4,74,0.8,67.5,1.25,57,,,,,,,,0.32,50,GE-2M
80,65,27,GEL805M2ME22,22,0.4,85,0.8,78,1.25,67,,,,,,,,0.13,50,GE-2M
100,80,28,GEI1005M2ME7.5,7.5,0.8,26.5,1.6,20.5,2.50,10.5,,,,,,,,0.69,50,GE-2M
100,80,29,GEJ1005M2ME15,15,0.8,34,1.6,28.5,2.50,19.0,,,,,,,,0.62,50,GE-2M
100,80,30,GEJ1005M2ME18,18,0.8,42,1.6,36,2.50,27.0,,,,,,,,0.54,50,GE-2M
100,80,31,GEK1005M2ME18,18,0.8,52.5,1.6,45.5,2.50,33.0,,,,,,,,0.44,50,GE-2M
100,80,32,GEK1005M2ME22,22,0.8,59,1.6,51.5,2.50,38.5,,,,,,,,0.37,50,GE-2M
100,80,33,GEK1005M2ME30,30,0.8,76,1.6,68,2.50,51.5,,,,,,,,0.22,50,GE-2M
100,80,34,GEK1005M2ME37,37,0.8,89,1.6,79,2.50,64.5,,,,,,,,0.098,50,GE-2M
100,80,35,GEK1005M2ME45,45,0.8,99,1.6,91,2.50,77.0,,,,,,,,0,50,GE-2M
40,32,1,GEH-40X326M-2MN0.4,0.4,0.06,12.8,0.16,9.5,0.25,4.2,,,,,,,,0.84,60,GE-2M
40,32,2,GEH406M2ME0.75,0.75,0.06,20,0.16,16.5,0.25,10.5,,,,,,,,0.77,60,GE-2M
40,32,3,GEI406M2ME1.5,1.5,0.06,29,0.16,26,0.25,21.5,,,,,,,,0.68,60,GE-2M
40,32,4,GEJ406M2ME2.2,2.2,0.06,39,0.16,33.5,0.25,24,,,,,,,,0.58,60,GE-2M
40,32,5,GEJ406M2ME3.7,3.7,0.06,55.5,0.16,51,0.25,42.5,,,,,,,,0.4,60,GE-2M
50,40,6,GEH506M2ME0.75,0.75,0.12,16.2,0.25,13,0.4,6.2,,,,,,,,0.8,60,GE-2M
50,40,7,GEH506M2ME1.5,1.5,0.12,23.5,0.25,21,0.4,15.2,,,,,,,,0.74,60,GE-2M
50,40,8,GEI506M2ME2.2,2.2,0.12,31,0.25,27.8,0.4,21.8,,,,,,,,0.67,60,GE-2M
50,40,9,GEJ506M2ME3.7,3.7,0.12,44,0.25,41,0.4,34.5,,,,,,,,0.54,60,GE-2M
50,40,10,GEJ506M2ME5.5,5.5,0.12,50.5,0.25,47,0.4,41.5,,,,,,,,0.47,60,GE-2M
50,40,11,GEK506M2ME5.5,5.5,0.12,57.5,0.25,52.5,0.4,41.5,,,,,,,,0.39,60,GE-2M
50,40,12,GEK506M2ME7.5,7.5,0.12,69,0.25,63,0.4,53.5,,,,,,,,0.25,60,GE-2M
50,40,13,GEK506M2ME11,11,0.12,86,0.25,80,0.4,72,,,,,,,,0.098,60,GE-2M
65,50,14,GEH656M2ME1.5,1.5,0.25,15.2,0.5,12.5,0.8,7.2,,,,,,,,0.82,60,GE-2M
65,50,15,GEH656M2ME2.2,2.2,0.25,21.2,0.5,18.2,0.8,12.2,,,,,,,,0.76,60,GE-2M
65,50,16,GEI656M2ME3.7,3.7,0.25,32,0.5,27.5,0.8,18.8,,,,,,,,0.66,60,GE-2M
65,50,17,GEJ656M2ME5.5,5.5,0.25,42,0.5,36,0.8,22,,,,,,,,0.54,60,GE-2M
65,50,18,GEJ656M2ME7.5,7.5,0.25,53.5,0.5,47.5,0.8,34,,,,,,,,0.43,60,GE-2M
65,50,19,GEK656M2ME11,11,0.25,70,0.5,64.5,0.8,53,,,,,,,,0.26,60,GE-2M
65,50,20,GEK656M2ME15,15,0.25,84,0.5,79,0.8,68,,,,,,,,0.13,60,GE-2M
65,50,21,GEL656M2ME18,18.5,0.25,96,0.5,86,0.8,68,,,,,,,,0,60,GE-2M
80,65,22,GEH806M2ME3.7,3.7,0.5,22,1,17,1.6,7,,,,,,,,0.74,60,GE-2M
80,65,23,GEI806M2ME5.5,5.5,0.5,29.5,1,23,1.6,10.5,,,,,,,,0.66,60,GE-2M
80,65,24,GEI806M2ME7.5,7.5,0.5,35,1,29,1.6,18,,,,,,,,0.61,60,GE-2M
80,65,25,GEJ806M2ME11,11,0.5,47,1,41,1.6,30.5,,,,,,,,0.5,60,GE-2M
80,65,26,GEJ806M2ME15,15,0.5,60,1,53.5,1.6,42,,,,,,,,0.36,60,GE-2M
80,65,27,GEK806M2ME18,18.5,0.5,72,1,64,1.6,47.5,,,,,,,,0.25,60,GE-2M
80,65,28,GEK806M2ME22,22,0.5,81,1,73,1.6,59,,,,,,,,0.15,60,GE-2M
80,65,29,GEL806M2ME30,30,0.5,101,1,92,1.6,71,,,,,,,,0,60,GE-2M
100,80,30,GEI1006M2ME11,11,1,34,2,24.5,3.15,8.5,,,,,,,,0.62,60,GE-2M
100,80,31,GEI1006M2ME15,15,1,41,2,33.5,3.15,17.5,,,,,,,,0.54,60,GE-2M
100,80,32,GEJ1006M2ME18,18.5,1,48.5,2,39.5,3.15,24.5,,,,,,,,0.46,60,GE-2M
100,80,33,GEJ1006M2ME22,22,1,55.5,2,46,3.15,29.5,,,,,,,,0.39,60,GE-2M
100,80,34,GEK1006M2ME30,30,1,72,2,61.5,3.15,40.5,,,,,,,,0.25,60,GE-2M
100,80,35,GEK1006M2ME37,37,1,84,2,73,3.15,52,,,,,,,,0.12,60,GE-2M
100,80,36,GEK1006M2ME45,45,1,93,2,85,3.15,66,,,,,,,,0.049,60,GE-2M
